"DATE","CUST ID","NAME","AMOUNT","ORDER NUMBER"
"10/01/2017","38","Linda Espinoza","90.0","1000"
"10/01/2017","38","Linda Espinoza","90.0","1001"
"10/01/2017","87","Ryan Morrison","90.0","1002"
"10/01/2017","42","Barbara Andersen","90.0","1003"
"10/02/2017","66","Jason Anderson","90.0","1004"
"10/02/2017","48","Sandra Mccullough","90.0","1005"
"10/02/2017","53","Tyler Farrell","90.0","1006"
"10/02/2017","56","Randy Mcdowell","90.0","1007"
"10/02/2017","65","Gerald Sherman","90.0","1008"
"10/03/2017","26","Brittany Mcintyre","90.0","1009"
"10/03/2017","85","Alexis Rich","90.0","1010"
"10/03/2017","31","Megan Mclean","90.0","1011"
"10/03/2017","23","Laura Kerr","90.0","1012"
"10/03/2017","21","Natalie Carson","90.0","1013"
"10/03/2017","96","Larry Anthony","90.0","1014"
"10/03/2017","71","Keith Ramos","90.0","1015"
"10/03/2017","22","Terry Contreras","90.0","1016"
"10/03/2017","23","Laura Kerr","90.0","1017"
"10/03/2017","30","Theresa Keith","90.0","1018"
"10/05/2017","70","Rebecca Fisher","90.0","1019"
"10/06/2017","5","Douglas Garza","90.0","1020"
"10/06/2017","64","Danielle Kidd","90.0","1021"
"10/07/2017","53","Tyler Farrell","90.0","1022"
"10/07/2017","52","Janet Patterson","90.0","1023"
"10/07/2017","38","Linda Espinoza","90.0","1024"
"10/07/2017","4","Dennis Davenport","90.0","1025"
"10/08/2017","76","Pamela Le","90.0","1026"
"10/08/2017","13","Maria Manning","90.0","1027"
"10/08/2017","13","Maria Manning","90.0","1028"
"10/08/2017","19","Charles Davidson","90.0","1029"
"10/08/2017","59","Kenneth Thornton","90.0","1030"
"10/08/2017","40","Randy Burns","90.0","1031"
"10/09/2017","27","Brittany Mathews","90.0","1032"
"10/09/2017","47","Samantha Griffin","90.0","1033"
"10/09/2017","40","Randy Burns","90.0","1034"
"10/09/2017","99","Virginia Dougherty","90.0","1035"
"10/10/2017","65","Gerald Sherman","90.0","1036"
"10/10/2017","91","Rebecca Lambert","90.0","1037"
"10/11/2017","77","Judith Warren","90.0","1038"
"10/11/2017","44","Samuel Zhang","90.0","1039"
"10/11/2017","43","Harold Myers","90.0","1040"
"10/11/2017","10","Angela Taylor","90.0","1041"
"10/11/2017","25","Deborah Arnold","90.0","1042"
"10/13/2017","70","Rebecca Fisher","90.0","1043"
"10/13/2017","18","Ethan Shepherd","90.0","1044"
"10/13/2017","78","Betty Durham","90.0","1045"
"10/13/2017","97","Patrick Rowe","90.0","1046"
"10/14/2017","68","Christine Whitehead","90.0","1047"
"10/14/2017","77","Judith Warren","90.0","1048"
"10/14/2017","14","Barbara Hopkins","90.0","1049"
"10/14/2017","73","Rose Beck","90.0","1050"
"10/15/2017","42","Barbara Andersen","90.0","1051"
"10/15/2017","5","Douglas Garza","90.0","1052"
"10/15/2017","76","Pamela Le","90.0","1053"
"10/15/2017","73","Rose Beck","90.0","1054"
"10/16/2017","66","Jason Anderson","90.0","1055"
"10/16/2017","50","Scott Spears","90.0","1056"
"10/16/2017","36","Kayla Ward","90.0","1057"
"10/17/2017","7","Abigail Montgomery","90.0","1058"
"10/17/2017","2","Douglas Buckley","90.0","1059"
"10/18/2017","22","Terry Contreras","90.0","1060"
"10/18/2017","35","Emma Pruitt","90.0","1061"
"10/18/2017","22","Terry Contreras","90.0","1062"
"10/18/2017","42","Barbara Andersen","90.0","1063"
"10/18/2017","28","Nicholas Zimmerman","90.0","1064"
"10/18/2017","85","Alexis Rich","90.0","1065"
"10/19/2017","15","Lori Mclean","90.0","1066"
"10/20/2017","56","Randy Mcdowell","90.0","1067"
"10/20/2017","96","Larry Anthony","90.0","1068"
"10/21/2017","8","Jennifer Key","90.0","1069"
"10/21/2017","20","Hannah Foster","90.0","1070"
"10/22/2017","77","Judith Warren","90.0","1071"
"10/23/2017","22","Terry Contreras","90.0","1072"
"10/23/2017","59","Kenneth Thornton","90.0","1073"
"10/23/2017","36","Kayla Ward","90.0","1074"
"10/24/2017","61","Terry Raymond","90.0","1075"
"10/24/2017","14","Barbara Hopkins","90.0","1076"
"10/24/2017","6","Linda Fleming","90.0","1077"
"10/24/2017","68","Christine Whitehead","90.0","1078"
"10/25/2017","45","Melissa Ross","90.0","1079"
"10/25/2017","92","Henry Arellano","90.0","1080"
"10/25/2017","96","Larry Anthony","90.0","1081"
"10/26/2017","15","Lori Mclean","90.0","1082"
"10/27/2017","73","Rose Beck","90.0","1083"
"10/27/2017","51","Deborah Barber","90.0","1084"
"10/27/2017","61","Terry Raymond","90.0","1085"
"10/27/2017","32","Ruth Frederick","90.0","1086"
"10/27/2017","58","Teresa Guzman","90.0","1087"
"10/27/2017","26","Brittany Mcintyre","90.0","1088"
"10/28/2017","49","Teresa Forbes","90.0","1089"
"10/28/2017","57","Virginia Dalton","90.0","1090"
"10/28/2017","65","Gerald Sherman","90.0","1091"
"10/29/2017","16","Amy Cantu","90.0","1092"
"10/29/2017","6","Linda Fleming","90.0","1093"
"10/30/2017","52","Janet Patterson","90.0","1094"
"10/30/2017","90","Janice Callahan","90.0","1095"
"10/30/2017","49","Teresa Forbes","90.0","1096"
"10/30/2017","60","Tiffany Hutchinson","90.0","1097"
"10/30/2017","99","Virginia Dougherty","90.0","1098"
"10/31/2017","77","Judith Warren","90.0","1099"
"10/31/2017","27","Brittany Mathews","90.0","1100"
"10/31/2017","14","Barbara Hopkins","90.0","1101"
"10/31/2017","10","Angela Taylor","90.0","1102"
"11/02/2017","53","Tyler Farrell","90.0","1103"
"11/02/2017","52","Janet Patterson","90.0","1104"
"11/03/2017","54","Roy Gamble","90.0","1105"
"11/03/2017","10","Angela Taylor","90.0","1106"
"11/03/2017","60","Tiffany Hutchinson","90.0","1107"
"11/04/2017","79","Samantha Shepard","90.0","1108"
"11/04/2017","22","Terry Contreras","90.0","1109"
"11/04/2017","14","Barbara Hopkins","90.0","1110"
"11/06/2017","70","Rebecca Fisher","90.0","1111"
"11/06/2017","83","Henry David","90.0","1112"
"11/06/2017","31","Megan Mclean","90.0","1113"
"11/07/2017","78","Betty Durham","90.0","1114"
"11/07/2017","41","Sandra Patterson","90.0","1115"
"11/07/2017","90","Janice Callahan","90.0","1116"
"11/08/2017","94","Joan Buckley","90.0","1117"
"11/08/2017","14","Barbara Hopkins","90.0","1118"
"11/08/2017","40","Randy Burns","90.0","1119"
"11/08/2017","24","Mary Shah","90.0","1120"
"11/08/2017","30","Theresa Keith","90.0","1121"
"11/08/2017","98","Helen Collins","90.0","1122"
"11/08/2017","47","Samantha Griffin","90.0","1123"
"11/09/2017","60","Tiffany Hutchinson","90.0","1124"
"11/09/2017","39","Justin Cox","90.0","1125"
"11/09/2017","86","Carolyn Higgins","90.0","1126"
"11/09/2017","22","Terry Contreras","90.0","1127"
"11/10/2017","14","Barbara Hopkins","90.0","1128"
"11/12/2017","95","Janet Burns","90.0","1129"
"11/12/2017","35","Emma Pruitt","90.0","1130"
"11/13/2017","64","Danielle Kidd","90.0","1131"
"11/13/2017","3","Albert Cantu","90.0","1132"
"11/14/2017","92","Henry Arellano","90.0","1133"
"11/14/2017","85","Alexis Rich","90.0","1134"
"11/14/2017","53","Tyler Farrell","90.0","1135"
"11/14/2017","71","Keith Ramos","90.0","1136"
"11/14/2017","85","Alexis Rich","90.0","1137"
"11/14/2017","32","Ruth Frederick","90.0","1138"
"11/15/2017","14","Barbara Hopkins","90.0","1139"
"11/16/2017","68","Christine Whitehead","90.0","1140"
"11/16/2017","74","Larry Turner","90.0","1141"
"11/16/2017","26","Brittany Mcintyre","90.0","1142"
"11/16/2017","68","Christine Whitehead","90.0","1143"
"11/16/2017","38","Linda Espinoza","90.0","1144"
"11/16/2017","63","Scott Sullivan","90.0","1145"
"11/17/2017","42","Barbara Andersen","90.0","1146"
"11/17/2017","56","Randy Mcdowell","90.0","1147"
"11/17/2017","84","Lauren Walters","90.0","1148"
"11/18/2017","51","Deborah Barber","90.0","1149"
"11/19/2017","76","Pamela Le","90.0","1150"
"11/19/2017","79","Samantha Shepard","90.0","1151"
"11/19/2017","9","Roger Mahoney","90.0","1152"
"11/20/2017","58","Teresa Guzman","90.0","1153"
"11/20/2017","49","Teresa Forbes","90.0","1154"
"11/20/2017","43","Harold Myers","90.0","1155"
"11/21/2017","77","Judith Warren","90.0","1156"
"11/21/2017","94","Joan Buckley","90.0","1157"
"11/21/2017","56","Randy Mcdowell","90.0","1158"
"11/21/2017","31","Megan Mclean","90.0","1159"
"11/21/2017","26","Brittany Mcintyre","90.0","1160"
"11/21/2017","28","Nicholas Zimmerman","90.0","1161"
"11/22/2017","36","Kayla Ward","90.0","1162"
"11/23/2017","42","Barbara Andersen","90.0","1163"
"11/23/2017","77","Judith Warren","90.0","1164"
"11/23/2017","47","Samantha Griffin","90.0","1165"
"11/23/2017","99","Virginia Dougherty","90.0","1166"
"11/24/2017","8","Jennifer Key","90.0","1167"
"11/24/2017","25","Deborah Arnold","90.0","1168"
"11/24/2017","25","Deborah Arnold","90.0","1169"
"11/24/2017","48","Sandra Mccullough","90.0","1170"
"11/26/2017","92","Henry Arellano","90.0","1171"
"11/26/2017","49","Teresa Forbes","90.0","1172"
"11/27/2017","3","Albert Cantu","90.0","1173"
"11/27/2017","25","Deborah Arnold","90.0","1174"
"11/28/2017","44","Samuel Zhang","90.0","1175"
"11/28/2017","43","Harold Myers","90.0","1176"
"11/28/2017","14","Barbara Hopkins","90.0","1177"
"11/29/2017","95","Janet Burns","90.0","1178"
"11/29/2017","59","Kenneth Thornton","90.0","1179"
"11/30/2017","38","Linda Espinoza","90.0","1180"
"11/30/2017","48","Sandra Mccullough","90.0","1181"
"11/30/2017","86","Carolyn Higgins","90.0","1182"
"12/01/2017","74","Larry Turner","90.0","1183"
"12/01/2017","63","Scott Sullivan","90.0","1184"
"12/01/2017","94","Joan Buckley","90.0","1185"
"12/02/2017","68","Christine Whitehead","90.0","1186"
"12/02/2017","85","Alexis Rich","90.0","1187"
"12/02/2017","39","Justin Cox","90.0","1188"
"12/03/2017","38","Linda Espinoza","90.0","1189"
"12/03/2017","89","Stephanie Hernandez","90.0","1190"
"12/04/2017","38","Linda Espinoza","90.0","1191"
"12/04/2017","57","Virginia Dalton","90.0","1192"
"12/04/2017","41","Sandra Patterson","90.0","1193"
"12/04/2017","37","Andrew Calderon","90.0","1194"
"12/05/2017","3","Albert Cantu","90.0","1195"
"12/05/2017","28","Nicholas Zimmerman","90.0","1196"
"12/05/2017","81","Nancy Randall","90.0","1197"
"12/05/2017","31","Megan Mclean","90.0","1198"
"12/06/2017","49","Teresa Forbes","90.0","1199"
"12/07/2017","67","Melissa Tapia","90.0","1200"
"12/07/2017","50","Scott Spears","90.0","1201"
"12/08/2017","97","Patrick Rowe","90.0","1202"
"12/08/2017","9","Roger Mahoney","90.0","1203"
"12/09/2017","35","Emma Pruitt","90.0","1204"
"12/09/2017","88","Gregory Franklin","90.0","1205"
"12/10/2017","48","Sandra Mccullough","90.0","1206"
"12/10/2017","84","Lauren Walters","90.0","1207"
"12/11/2017","90","Janice Callahan","90.0","1208"
"12/12/2017","2","Douglas Buckley","90.0","1209"
"12/12/2017","31","Megan Mclean","90.0","1210"
"12/12/2017","27","Brittany Mathews","90.0","1211"
"12/13/2017","7","Abigail Montgomery","90.0","1212"
"12/13/2017","85","Alexis Rich","90.0","1213"
"12/14/2017","30","Theresa Keith","90.0","1214"
"12/14/2017","14","Barbara Hopkins","90.0","1215"
"12/14/2017","19","Charles Davidson","90.0","1216"
"12/14/2017","62","Vincent Stewart","90.0","1217"
"12/14/2017","26","Brittany Mcintyre","90.0","1218"
"12/14/2017","28","Nicholas Zimmerman","90.0","1219"
"12/15/2017","78","Betty Durham","90.0","1220"
"12/15/2017","23","Laura Kerr","90.0","1221"
"12/15/2017","93","Charles Lester","90.0","1222"
"12/15/2017","50","Scott Spears","90.0","1223"
"12/15/2017","72","Cynthia Steele","90.0","1224"
"12/15/2017","81","Nancy Randall","90.0","1225"
"12/16/2017","42","Barbara Andersen","90.0","1226"
"12/16/2017","2","Douglas Buckley","90.0","1227"
"12/16/2017","45","Melissa Ross","90.0","1228"
"12/17/2017","28","Nicholas Zimmerman","90.0","1229"
"12/17/2017","43","Harold Myers","90.0","1230"
"12/17/2017","53","Tyler Farrell","90.0","1231"
"12/17/2017","13","Maria Manning","90.0","1232"
"12/17/2017","29","Douglas Travis","90.0","1233"
"12/17/2017","7","Abigail Montgomery","90.0","1234"
"12/18/2017","74","Larry Turner","90.0","1235"
"12/18/2017","37","Andrew Calderon","90.0","1236"
"12/18/2017","29","Douglas Travis","90.0","1237"
"12/18/2017","67","Melissa Tapia","90.0","1238"
"12/18/2017","26","Brittany Mcintyre","90.0","1239"
"12/18/2017","39","Justin Cox","90.0","1240"
"12/19/2017","44","Samuel Zhang","90.0","1241"
"12/19/2017","54","Roy Gamble","90.0","1242"
"12/19/2017","52","Janet Patterson","90.0","1243"
"12/19/2017","33","Marilyn Camacho","90.0","1244"
"12/19/2017","19","Charles Davidson","90.0","1245"
"12/21/2017","23","Laura Kerr","90.0","1246"
"12/21/2017","90","Janice Callahan","90.0","1247"
"12/21/2017","57","Virginia Dalton","90.0","1248"
"12/23/2017","39","Justin Cox","90.0","1249"
"12/23/2017","99","Virginia Dougherty","90.0","1250"
"12/23/2017","9","Roger Mahoney","90.0","1251"
"12/24/2017","93","Charles Lester","90.0","1252"
"12/24/2017","41","Sandra Patterson","90.0","1253"
"12/25/2017","68","Christine Whitehead","90.0","1254"
"12/25/2017","81","Nancy Randall","90.0","1255"
"12/25/2017","50","Scott Spears","90.0","1256"
"12/25/2017","51","Deborah Barber","90.0","1257"
"12/25/2017","90","Janice Callahan","90.0","1258"
"12/27/2017","58","Teresa Guzman","90.0","1259"
"12/27/2017","66","Jason Anderson","90.0","1260"
"12/27/2017","82","Maria Griffith","90.0","1261"
"12/27/2017","94","Joan Buckley","90.0","1262"
"12/28/2017","22","Terry Contreras","90.0","1263"
"12/28/2017","65","Gerald Sherman","90.0","1264"
"12/28/2017","11","Brian Duarte","90.0","1265"
"12/28/2017","58","Teresa Guzman","90.0","1266"
"12/28/2017","29","Douglas Travis","90.0","1267"
"12/29/2017","77","Judith Warren","90.0","1268"
"12/29/2017","33","Marilyn Camacho","90.0","1269"
"12/30/2017","11","Brian Duarte","90.0","1270"
"12/30/2017","68","Christine Whitehead","90.0","1271"
"12/31/2017","97","Patrick Rowe","90.0","1272"
"12/31/2017","27","Brittany Mathews","90.0","1273"
"01/01/2018","99","Virginia Dougherty","90.0","1274"
"01/01/2018","48","Sandra Mccullough","90.0","1275"
"01/01/2018","30","Theresa Keith","90.0","1276"
"01/02/2018","60","Tiffany Hutchinson","90.0","1277"
"01/02/2018","60","Tiffany Hutchinson","90.0","1278"
"01/02/2018","83","Henry David","90.0","1279"
"01/02/2018","89","Stephanie Hernandez","90.0","1280"
"01/02/2018","81","Nancy Randall","90.0","1281"
"01/02/2018","79","Samantha Shepard","90.0","1282"
"01/02/2018","85","Alexis Rich","90.0","1283"
"01/02/2018","3","Albert Cantu","90.0","1284"
"01/03/2018","40","Randy Burns","90.0","1285"
"01/03/2018","18","Ethan Shepherd","90.0","1286"
"01/03/2018","67","Melissa Tapia","90.0","1287"
"01/03/2018","68","Christine Whitehead","90.0","1288"
"01/03/2018","38","Linda Espinoza","90.0","1289"
"01/04/2018","56","Randy Mcdowell","90.0","1290"
"01/04/2018","60","Tiffany Hutchinson","90.0","1291"
"01/04/2018","90","Janice Callahan","90.0","1292"
"01/05/2018","74","Larry Turner","90.0","1293"
"01/05/2018","46","Bruce Haas","90.0","1294"
"01/05/2018","32","Ruth Frederick","90.0","1295"
"01/07/2018","87","Ryan Morrison","90.0","1296"
"01/07/2018","37","Andrew Calderon","90.0","1297"
"01/08/2018","57","Virginia Dalton","90.0","1298"
"01/08/2018","32","Ruth Frederick","90.0","1299"
"01/09/2018","32","Ruth Frederick","90.0","1300"
"01/09/2018","3","Albert Cantu","90.0","1301"
"01/09/2018","64","Danielle Kidd","90.0","1302"
"01/09/2018","43","Harold Myers","90.0","1303"
"01/11/2018","0","Judy Lozano","90.0","1304"
"01/11/2018","36","Kayla Ward","90.0","1305"
"01/11/2018","99","Virginia Dougherty","90.0","1306"
"01/11/2018","10","Angela Taylor","90.0","1307"
"01/11/2018","82","Maria Griffith","90.0","1308"
"01/11/2018","86","Carolyn Higgins","90.0","1309"
"01/12/2018","53","Tyler Farrell","90.0","1310"
"01/12/2018","80","Julia Clay","90.0","1311"
"01/12/2018","70","Rebecca Fisher","90.0","1312"
"01/12/2018","3","Albert Cantu","90.0","1313"
"01/12/2018","21","Natalie Carson","90.0","1314"
"01/13/2018","99","Virginia Dougherty","90.0","1315"
"01/13/2018","0","Judy Lozano","90.0","1316"
"01/13/2018","58","Teresa Guzman","90.0","1317"
"01/14/2018","56","Randy Mcdowell","90.0","1318"
"01/14/2018","30","Theresa Keith","90.0","1319"
"01/14/2018","3","Albert Cantu","90.0","1320"
"01/15/2018","98","Helen Collins","90.0","1321"
"01/15/2018","48","Sandra Mccullough","90.0","1322"
"01/15/2018","34","Shirley Farmer","90.0","1323"
"01/15/2018","97","Patrick Rowe","90.0","1324"
"01/15/2018","85","Alexis Rich","90.0","1325"
"01/15/2018","73","Rose Beck","90.0","1326"
"01/16/2018","94","Joan Buckley","90.0","1327"
"01/17/2018","63","Scott Sullivan","90.0","1328"
"01/17/2018","98","Helen Collins","90.0","1329"
"01/17/2018","32","Ruth Frederick","90.0","1330"
"01/17/2018","55","Jonathan Logan","90.0","1331"
"01/17/2018","36","Kayla Ward","90.0","1332"
"01/18/2018","76","Pamela Le","90.0","1333"
"01/18/2018","53","Tyler Farrell","90.0","1334"
"01/18/2018","31","Megan Mclean","90.0","1335"
"01/18/2018","65","Gerald Sherman","90.0","1336"
"01/19/2018","56","Randy Mcdowell","90.0","1337"
"01/19/2018","74","Larry Turner","90.0","1338"
"01/19/2018","2","Douglas Buckley","90.0","1339"
"01/20/2018","57","Virginia Dalton","90.0","1340"
"01/20/2018","84","Lauren Walters","90.0","1341"
"01/20/2018","24","Mary Shah","90.0","1342"
"01/20/2018","70","Rebecca Fisher","90.0","1343"
"01/20/2018","52","Janet Patterson","90.0","1344"
"01/21/2018","65","Gerald Sherman","90.0","1345"
"01/21/2018","1","Noah Abbott","90.0","1346"
"01/21/2018","45","Melissa Ross","90.0","1347"
"01/21/2018","82","Maria Griffith","90.0","1348"
"01/21/2018","46","Bruce Haas","90.0","1349"
"01/21/2018","58","Teresa Guzman","90.0","1350"
"01/22/2018","5","Douglas Garza","90.0","1351"
"01/22/2018","42","Barbara Andersen","90.0","1352"
"01/22/2018","75","Andrew Bell","90.0","1353"
"01/23/2018","57","Virginia Dalton","90.0","1354"
"01/24/2018","19","Charles Davidson","90.0","1355"
"01/24/2018","13","Maria Manning","90.0","1356"
"01/25/2018","23","Laura Kerr","90.0","1357"
"01/26/2018","24","Mary Shah","90.0","1358"
"01/27/2018","43","Harold Myers","90.0","1359"
"01/27/2018","80","Julia Clay","90.0","1360"
"01/27/2018","91","Rebecca Lambert","90.0","1361"
"01/27/2018","86","Carolyn Higgins","90.0","1362"
"01/27/2018","52","Janet Patterson","90.0","1363"
"01/28/2018","64","Danielle Kidd","90.0","1364"
"01/28/2018","69","Aaron Villarreal","90.0","1365"
"01/28/2018","28","Nicholas Zimmerman","90.0","1366"
"01/29/2018","6","Linda Fleming","90.0","1367"
"01/29/2018","34","Shirley Farmer","90.0","1368"
"01/29/2018","47","Samantha Griffin","90.0","1369"
"01/30/2018","54","Roy Gamble","90.0","1370"
"01/30/2018","54","Roy Gamble","90.0","1371"
"01/30/2018","35","Emma Pruitt","90.0","1372"
"01/31/2018","94","Joan Buckley","90.0","1373"
"01/31/2018","89","Stephanie Hernandez","90.0","1374"
"01/31/2018","99","Virginia Dougherty","90.0","1375"
"01/31/2018","90","Janice Callahan","90.0","1376"
"01/31/2018","52","Janet Patterson","90.0","1377"
"01/31/2018","78","Betty Durham","90.0","1378"
"01/31/2018","35","Emma Pruitt","90.0","1379"
"02/01/2018","63","Scott Sullivan","90.0","1380"
"02/01/2018","5","Douglas Garza","90.0","1381"
"02/01/2018","74","Larry Turner","90.0","1382"
"02/02/2018","96","Larry Anthony","90.0","1383"
"02/02/2018","21","Natalie Carson","90.0","1384"
"02/02/2018","90","Janice Callahan","90.0","1385"
"02/02/2018","23","Laura Kerr","90.0","1386"
"02/03/2018","67","Melissa Tapia","90.0","1387"
"02/04/2018","63","Scott Sullivan","90.0","1388"
"02/04/2018","10","Angela Taylor","90.0","1389"
"02/04/2018","32","Ruth Frederick","90.0","1390"
"02/04/2018","72","Cynthia Steele","90.0","1391"
"02/05/2018","7","Abigail Montgomery","90.0","1392"
"02/05/2018","82","Maria Griffith","90.0","1393"
"02/06/2018","58","Teresa Guzman","90.0","1394"
"02/06/2018","93","Charles Lester","90.0","1395"
"02/08/2018","8","Jennifer Key","90.0","1396"
"02/09/2018","30","Theresa Keith","90.0","1397"
"02/09/2018","18","Ethan Shepherd","90.0","1398"
"02/09/2018","77","Judith Warren","90.0","1399"
"02/09/2018","44","Samuel Zhang","90.0","1400"
"02/09/2018","20","Hannah Foster","90.0","1401"
"02/09/2018","21","Natalie Carson","90.0","1402"
"02/09/2018","38","Linda Espinoza","90.0","1403"
"02/09/2018","38","Linda Espinoza","90.0","1404"
"02/10/2018","81","Nancy Randall","90.0","1405"
"02/12/2018","5","Douglas Garza","90.0","1406"
"02/12/2018","49","Teresa Forbes","90.0","1407"
"02/12/2018","1","Noah Abbott","90.0","1408"
"02/12/2018","83","Henry David","90.0","1409"
"02/12/2018","54","Roy Gamble","90.0","1410"
"02/13/2018","64","Danielle Kidd","90.0","1411"
"02/13/2018","58","Teresa Guzman","90.0","1412"
"02/14/2018","72","Cynthia Steele","90.0","1413"
"02/14/2018","62","Vincent Stewart","90.0","1414"
"02/14/2018","99","Virginia Dougherty","90.0","1415"
"02/14/2018","78","Betty Durham","90.0","1416"
"02/15/2018","88","Gregory Franklin","90.0","1417"
"02/15/2018","3","Albert Cantu","90.0","1418"
"02/16/2018","43","Harold Myers","90.0","1419"
"02/16/2018","98","Helen Collins","90.0","1420"
"02/16/2018","7","Abigail Montgomery","90.0","1421"
"02/16/2018","80","Julia Clay","90.0","1422"
"02/16/2018","31","Megan Mclean","90.0","1423"
"02/16/2018","21","Natalie Carson","90.0","1424"
"02/16/2018","91","Rebecca Lambert","90.0","1425"
"02/16/2018","71","Keith Ramos","90.0","1426"
"02/17/2018","4","Dennis Davenport","90.0","1427"
"02/17/2018","28","Nicholas Zimmerman","90.0","1428"
"02/17/2018","48","Sandra Mccullough","90.0","1429"
"02/17/2018","9","Roger Mahoney","90.0","1430"
"02/18/2018","33","Marilyn Camacho","90.0","1431"
"02/18/2018","79","Samantha Shepard","90.0","1432"
"02/18/2018","16","Amy Cantu","90.0","1433"
"02/18/2018","26","Brittany Mcintyre","90.0","1434"
"02/18/2018","44","Samuel Zhang","90.0","1435"
"02/18/2018","48","Sandra Mccullough","90.0","1436"
"02/18/2018","62","Vincent Stewart","90.0","1437"
"02/19/2018","26","Brittany Mcintyre","90.0","1438"
"02/21/2018","71","Keith Ramos","90.0","1439"
"02/21/2018","89","Stephanie Hernandez","90.0","1440"
"02/21/2018","16","Amy Cantu","90.0","1441"
"02/22/2018","14","Barbara Hopkins","90.0","1442"
"02/22/2018","54","Roy Gamble","90.0","1443"
"02/22/2018","91","Rebecca Lambert","90.0","1444"
"02/23/2018","48","Sandra Mccullough","90.0","1445"
"02/23/2018","32","Ruth Frederick","90.0","1446"
"02/23/2018","32","Ruth Frederick","90.0","1447"
"02/23/2018","47","Samantha Griffin","90.0","1448"
"02/25/2018","94","Joan Buckley","90.0","1449"
"02/25/2018","38","Linda Espinoza","90.0","1450"
"02/25/2018","23","Laura Kerr","90.0","1451"
"02/26/2018","27","Brittany Mathews","90.0","1452"
"02/27/2018","45","Melissa Ross","90.0","1453"
"02/27/2018","82","Maria Griffith","90.0","1454"
"02/27/2018","76","Pamela Le","90.0","1455"
"02/27/2018","15","Lori Mclean","90.0","1456"
"02/28/2018","2","Douglas Buckley","90.0","1457"
"02/28/2018","94","Joan Buckley","90.0","1458"
"02/28/2018","67","Melissa Tapia","90.0","1459"
"03/01/2018","5","Douglas Garza","90.0","1460"
"03/01/2018","21","Natalie Carson","90.0","1461"
"03/02/2018","60","Tiffany Hutchinson","90.0","1462"
"03/02/2018","66","Jason Anderson","90.0","1463"
"03/03/2018","9","Roger Mahoney","90.0","1464"
"03/03/2018","99","Virginia Dougherty","90.0","1465"
"03/04/2018","5","Douglas Garza","90.0","1466"
"03/04/2018","34","Shirley Farmer","90.0","1467"
"03/05/2018","89","Stephanie Hernandez","90.0","1468"
"03/06/2018","72","Cynthia Steele","90.0","1469"
"03/06/2018","96","Larry Anthony","90.0","1470"
"03/06/2018","18","Ethan Shepherd","90.0","1471"
"03/06/2018","20","Hannah Foster","90.0","1472"
"03/07/2018","24","Mary Shah","90.0","1473"
"03/07/2018","82","Maria Griffith","90.0","1474"
"03/07/2018","17","Teresa Yang","90.0","1475"
"03/07/2018","12","Linda Cowan","90.0","1476"
"03/07/2018","21","Natalie Carson","90.0","1477"
"03/08/2018","96","Larry Anthony","90.0","1478"
"03/08/2018","36","Kayla Ward","90.0","1479"
"03/09/2018","30","Theresa Keith","90.0","1480"
"03/09/2018","77","Judith Warren","90.0","1481"
"03/09/2018","11","Brian Duarte","90.0","1482"
"03/11/2018","28","Nicholas Zimmerman","90.0","1483"
"03/11/2018","44","Samuel Zhang","90.0","1484"
"03/11/2018","72","Cynthia Steele","90.0","1485"
"03/11/2018","66","Jason Anderson","90.0","1486"
"03/11/2018","47","Samantha Griffin","90.0","1487"
"03/12/2018","82","Maria Griffith","90.0","1488"
"03/13/2018","99","Virginia Dougherty","90.0","1489"
"03/14/2018","60","Tiffany Hutchinson","90.0","1490"
"03/14/2018","58","Teresa Guzman","90.0","1491"
"03/14/2018","58","Teresa Guzman","90.0","1492"
"03/15/2018","25","Deborah Arnold","90.0","1493"
"03/16/2018","36","Kayla Ward","90.0","1494"
"03/16/2018","55","Jonathan Logan","90.0","1495"
"03/17/2018","60","Tiffany Hutchinson","90.0","1496"
"03/17/2018","85","Alexis Rich","90.0","1497"
"03/18/2018","83","Henry David","90.0","1498"
"03/18/2018","62","Vincent Stewart","90.0","1499"
"03/19/2018","44","Samuel Zhang","90.0","1500"
"03/19/2018","42","Barbara Andersen","90.0","1501"
"03/19/2018","10","Angela Taylor","90.0","1502"
"03/19/2018","58","Teresa Guzman","90.0","1503"
"03/19/2018","52","Janet Patterson","90.0","1504"
"03/20/2018","92","Henry Arellano","90.0","1505"
"03/20/2018","20","Hannah Foster","90.0","1506"
"03/20/2018","87","Ryan Morrison","90.0","1507"
"03/21/2018","39","Justin Cox","90.0","1508"
"03/21/2018","48","Sandra Mccullough","90.0","1509"
"03/21/2018","54","Roy Gamble","90.0","1510"
"03/21/2018","12","Linda Cowan","90.0","1511"
"03/22/2018","5","Douglas Garza","90.0","1512"
"03/23/2018","27","Brittany Mathews","90.0","1513"
"03/23/2018","68","Christine Whitehead","90.0","1514"
"03/23/2018","62","Vincent Stewart","90.0","1515"
"03/23/2018","75","Andrew Bell","90.0","1516"
"03/23/2018","88","Gregory Franklin","90.0","1517"
"03/23/2018","63","Scott Sullivan","90.0","1518"
"03/23/2018","82","Maria Griffith","90.0","1519"
"03/24/2018","68","Christine Whitehead","90.0","1520"
"03/24/2018","84","Lauren Walters","90.0","1521"
"03/25/2018","7","Abigail Montgomery","90.0","1522"
"03/25/2018","2","Douglas Buckley","90.0","1523"
"03/25/2018","36","Kayla Ward","90.0","1524"
"03/25/2018","80","Julia Clay","90.0","1525"
"03/25/2018","31","Megan Mclean","90.0","1526"
"03/26/2018","52","Janet Patterson","90.0","1527"
"03/26/2018","7","Abigail Montgomery","90.0","1528"
"03/26/2018","42","Barbara Andersen","90.0","1529"
"03/26/2018","32","Ruth Frederick","90.0","1530"
"03/26/2018","36","Kayla Ward","90.0","1531"
"03/26/2018","85","Alexis Rich","90.0","1532"
"03/27/2018","58","Teresa Guzman","90.0","1533"
"03/27/2018","48","Sandra Mccullough","90.0","1534"
"03/28/2018","32","Ruth Frederick","90.0","1535"
"03/29/2018","69","Aaron Villarreal","90.0","1536"
"03/29/2018","43","Harold Myers","90.0","1537"
"03/29/2018","24","Mary Shah","90.0","1538"
"03/29/2018","37","Andrew Calderon","90.0","1539"
"03/29/2018","63","Scott Sullivan","90.0","1540"
"03/30/2018","13","Maria Manning","90.0","1541"
"03/30/2018","78","Betty Durham","90.0","1542"
"03/31/2018","29","Douglas Travis","90.0","1543"
"03/31/2018","23","Laura Kerr","90.0","1544"
"03/31/2018","0","Judy Lozano","90.0","1545"
"03/31/2018","29","Douglas Travis","90.0","1546"
"03/31/2018","95","Janet Burns","90.0","1547"
"03/31/2018","95","Janet Burns","90.0","1548"
"03/31/2018","61","Terry Raymond","90.0","1549"
"03/31/2018","98","Helen Collins","90.0","1550"
"04/01/2018","26","Brittany Mcintyre","90.0","1551"
"04/01/2018","46","Bruce Haas","90.0","1552"
"04/01/2018","59","Kenneth Thornton","90.0","1553"
"04/02/2018","2","Douglas Buckley","90.0","1554"
"04/02/2018","70","Rebecca Fisher","90.0","1555"
"04/02/2018","55","Jonathan Logan","90.0","1556"
"04/02/2018","86","Carolyn Higgins","90.0","1557"
"04/03/2018","20","Hannah Foster","90.0","1558"
"04/03/2018","40","Randy Burns","90.0","1559"
"04/03/2018","6","Linda Fleming","90.0","1560"
"04/04/2018","36","Kayla Ward","90.0","1561"
"04/04/2018","5","Douglas Garza","90.0","1562"
"04/04/2018","63","Scott Sullivan","90.0","1563"
"04/04/2018","86","Carolyn Higgins","90.0","1564"
"04/04/2018","65","Gerald Sherman","90.0","1565"
"04/05/2018","47","Samantha Griffin","90.0","1566"
"04/05/2018","10","Angela Taylor","90.0","1567"
"04/06/2018","62","Vincent Stewart","90.0","1568"
"04/06/2018","36","Kayla Ward","90.0","1569"
"04/06/2018","60","Tiffany Hutchinson","90.0","1570"
"04/06/2018","47","Samantha Griffin","90.0","1571"
"04/07/2018","73","Rose Beck","90.0","1572"
"04/07/2018","87","Ryan Morrison","90.0","1573"
"04/08/2018","55","Jonathan Logan","90.0","1574"
"04/08/2018","17","Teresa Yang","90.0","1575"
"04/08/2018","16","Amy Cantu","90.0","1576"
"04/08/2018","30","Theresa Keith","90.0","1577"
"04/08/2018","96","Larry Anthony","90.0","1578"
"04/09/2018","3","Albert Cantu","90.0","1579"
"04/09/2018","99","Virginia Dougherty","90.0","1580"
"04/09/2018","10","Angela Taylor","90.0","1581"
"04/09/2018","16","Amy Cantu","90.0","1582"
"04/09/2018","34","Shirley Farmer","90.0","1583"
"04/10/2018","38","Linda Espinoza","90.0","1584"
"04/10/2018","78","Betty Durham","90.0","1585"
"04/11/2018","11","Brian Duarte","90.0","1586"
"04/11/2018","94","Joan Buckley","90.0","1587"
"04/11/2018","5","Douglas Garza","90.0","1588"
"04/12/2018","3","Albert Cantu","90.0","1589"
"04/12/2018","19","Charles Davidson","90.0","1590"
"04/12/2018","82","Maria Griffith","90.0","1591"
"04/12/2018","85","Alexis Rich","90.0","1592"
"04/12/2018","80","Julia Clay","90.0","1593"
"04/12/2018","80","Julia Clay","90.0","1594"
"04/12/2018","94","Joan Buckley","90.0","1595"
"04/13/2018","10","Angela Taylor","90.0","1596"
"04/13/2018","10","Angela Taylor","90.0","1597"
"04/14/2018","3","Albert Cantu","90.0","1598"
"04/14/2018","76","Pamela Le","90.0","1599"
"04/15/2018","42","Barbara Andersen","90.0","1600"
"04/15/2018","36","Kayla Ward","90.0","1601"
"04/15/2018","77","Judith Warren","90.0","1602"
"04/15/2018","10","Angela Taylor","90.0","1603"
"04/16/2018","9","Roger Mahoney","90.0","1604"
"04/17/2018","76","Pamela Le","90.0","1605"
"04/17/2018","24","Mary Shah","90.0","1606"
"04/18/2018","18","Ethan Shepherd","90.0","1607"
"04/18/2018","80","Julia Clay","90.0","1608"
"04/18/2018","35","Emma Pruitt","90.0","1609"
"04/19/2018","45","Melissa Ross","90.0","1610"
"04/19/2018","29","Douglas Travis","90.0","1611"
"04/19/2018","77","Judith Warren","90.0","1612"
"04/20/2018","51","Deborah Barber","90.0","1613"
"04/20/2018","1","Noah Abbott","90.0","1614"
"04/20/2018","35","Emma Pruitt","90.0","1615"
"04/20/2018","8","Jennifer Key","90.0","1616"
"04/20/2018","53","Tyler Farrell","90.0","1617"
"04/21/2018","38","Linda Espinoza","90.0","1618"
"04/21/2018","33","Marilyn Camacho","90.0","1619"
"04/21/2018","69","Aaron Villarreal","90.0","1620"
"04/22/2018","7","Abigail Montgomery","90.0","1621"
"04/22/2018","87","Ryan Morrison","90.0","1622"
"04/22/2018","66","Jason Anderson","90.0","1623"
"04/23/2018","39","Justin Cox","90.0","1624"
"04/23/2018","32","Ruth Frederick","90.0","1625"
"04/23/2018","79","Samantha Shepard","90.0","1626"
"04/23/2018","40","Randy Burns","90.0","1627"
"04/23/2018","78","Betty Durham","90.0","1628"
"04/23/2018","38","Linda Espinoza","90.0","1629"
"04/23/2018","89","Stephanie Hernandez","90.0","1630"
"04/23/2018","62","Vincent Stewart","90.0","1631"
"04/23/2018","77","Judith Warren","90.0","1632"
"04/24/2018","3","Albert Cantu","90.0","1633"
"04/24/2018","34","Shirley Farmer","90.0","1634"
"04/24/2018","37","Andrew Calderon","90.0","1635"
"04/24/2018","32","Ruth Frederick","90.0","1636"
"04/25/2018","39","Justin Cox","90.0","1637"
"04/25/2018","66","Jason Anderson","90.0","1638"
"04/25/2018","55","Jonathan Logan","90.0","1639"
"04/26/2018","59","Kenneth Thornton","90.0","1640"
"04/26/2018","93","Charles Lester","90.0","1641"
"04/26/2018","80","Julia Clay","90.0","1642"
"04/26/2018","30","Theresa Keith","90.0","1643"
"04/26/2018","28","Nicholas Zimmerman","90.0","1644"
"04/27/2018","31","Megan Mclean","90.0","1645"
"04/27/2018","96","Larry Anthony","90.0","1646"
"04/27/2018","5","Douglas Garza","90.0","1647"
"04/27/2018","25","Deborah Arnold","90.0","1648"
"04/27/2018","12","Linda Cowan","90.0","1649"
"04/28/2018","28","Nicholas Zimmerman","90.0","1650"
"04/28/2018","88","Gregory Franklin","90.0","1651"
"04/28/2018","51","Deborah Barber","90.0","1652"
"04/28/2018","50","Scott Spears","90.0","1653"
"04/29/2018","60","Tiffany Hutchinson","90.0","1654"
"04/29/2018","9","Roger Mahoney","90.0","1655"
"04/29/2018","63","Scott Sullivan","90.0","1656"
"04/30/2018","1","Noah Abbott","90.0","1657"
"04/30/2018","46","Bruce Haas","90.0","1658"
"05/01/2018","49","Teresa Forbes","90.0","1659"
"05/01/2018","33","Marilyn Camacho","90.0","1660"
"05/01/2018","27","Brittany Mathews","90.0","1661"
"05/01/2018","49","Teresa Forbes","90.0","1662"
"05/01/2018","25","Deborah Arnold","90.0","1663"
"05/02/2018","9","Roger Mahoney","90.0","1664"
"05/02/2018","31","Megan Mclean","90.0","1665"
"05/02/2018","19","Charles Davidson","90.0","1666"
"05/03/2018","73","Rose Beck","90.0","1667"
"05/04/2018","24","Mary Shah","90.0","1668"
"05/04/2018","51","Deborah Barber","90.0","1669"
"05/04/2018","56","Randy Mcdowell","90.0","1670"
"05/04/2018","45","Melissa Ross","90.0","1671"
"05/05/2018","44","Samuel Zhang","90.0","1672"
"05/05/2018","97","Patrick Rowe","90.0","1673"
"05/05/2018","24","Mary Shah","90.0","1674"
"05/05/2018","17","Teresa Yang","90.0","1675"
"05/05/2018","6","Linda Fleming","90.0","1676"
"05/06/2018","57","Virginia Dalton","90.0","1677"
"05/06/2018","46","Bruce Haas","90.0","1678"
"05/07/2018","35","Emma Pruitt","90.0","1679"
"05/07/2018","97","Patrick Rowe","90.0","1680"
"05/07/2018","15","Lori Mclean","90.0","1681"
"05/07/2018","45","Melissa Ross","90.0","1682"
"05/07/2018","65","Gerald Sherman","90.0","1683"
"05/08/2018","33","Marilyn Camacho","90.0","1684"
"05/08/2018","70","Rebecca Fisher","90.0","1685"
"05/08/2018","4","Dennis Davenport","90.0","1686"
"05/08/2018","43","Harold Myers","90.0","1687"
"05/09/2018","47","Samantha Griffin","90.0","1688"
"05/09/2018","20","Hannah Foster","90.0","1689"
"05/09/2018","76","Pamela Le","90.0","1690"
"05/10/2018","10","Angela Taylor","90.0","1691"
"05/10/2018","29","Douglas Travis","90.0","1692"
"05/10/2018","36","Kayla Ward","90.0","1693"
"05/10/2018","42","Barbara Andersen","90.0","1694"
"05/11/2018","32","Ruth Frederick","90.0","1695"
"05/11/2018","14","Barbara Hopkins","90.0","1696"
"05/11/2018","95","Janet Burns","90.0","1697"
"05/12/2018","93","Charles Lester","90.0","1698"
"05/12/2018","56","Randy Mcdowell","90.0","1699"
"05/12/2018","74","Larry Turner","90.0","1700"
"05/13/2018","95","Janet Burns","90.0","1701"
"05/13/2018","67","Melissa Tapia","90.0","1702"
"05/13/2018","26","Brittany Mcintyre","90.0","1703"
"05/13/2018","59","Kenneth Thornton","90.0","1704"
"05/13/2018","27","Brittany Mathews","90.0","1705"
"05/13/2018","73","Rose Beck","90.0","1706"
"05/13/2018","31","Megan Mclean","90.0","1707"
"05/14/2018","3","Albert Cantu","90.0","1708"
"05/14/2018","56","Randy Mcdowell","90.0","1709"
"05/15/2018","45","Melissa Ross","90.0","1710"
"05/15/2018","66","Jason Anderson","90.0","1711"
"05/16/2018","17","Teresa Yang","90.0","1712"
"05/16/2018","17","Teresa Yang","90.0","1713"
"05/16/2018","55","Jonathan Logan","90.0","1714"
"05/17/2018","47","Samantha Griffin","90.0","1715"
"05/17/2018","41","Sandra Patterson","90.0","1716"
"05/17/2018","44","Samuel Zhang","90.0","1717"
"05/17/2018","60","Tiffany Hutchinson","90.0","1718"
"05/17/2018","15","Lori Mclean","90.0","1719"
"05/17/2018","95","Janet Burns","90.0","1720"
"05/17/2018","22","Terry Contreras","90.0","1721"
"05/17/2018","43","Harold Myers","90.0","1722"
"05/18/2018","18","Ethan Shepherd","90.0","1723"
"05/18/2018","75","Andrew Bell","90.0","1724"
"05/18/2018","64","Danielle Kidd","90.0","1725"
"05/18/2018","12","Linda Cowan","90.0","1726"
"05/18/2018","17","Teresa Yang","90.0","1727"
"05/19/2018","62","Vincent Stewart","90.0","1728"
"05/19/2018","20","Hannah Foster","90.0","1729"
"05/19/2018","17","Teresa Yang","90.0","1730"
"05/19/2018","70","Rebecca Fisher","90.0","1731"
"05/19/2018","60","Tiffany Hutchinson","90.0","1732"
"05/19/2018","50","Scott Spears","90.0","1733"
"05/19/2018","8","Jennifer Key","90.0","1734"
"05/19/2018","28","Nicholas Zimmerman","90.0","1735"
"05/20/2018","19","Charles Davidson","90.0","1736"
"05/20/2018","63","Scott Sullivan","90.0","1737"
"05/20/2018","5","Douglas Garza","90.0","1738"
"05/20/2018","24","Mary Shah","90.0","1739"
"05/20/2018","45","Melissa Ross","90.0","1740"
"05/20/2018","21","Natalie Carson","90.0","1741"
"05/20/2018","80","Julia Clay","90.0","1742"
"05/21/2018","35","Emma Pruitt","90.0","1743"
"05/21/2018","68","Christine Whitehead","90.0","1744"
"05/21/2018","47","Samantha Griffin","90.0","1745"
"05/21/2018","2","Douglas Buckley","90.0","1746"
"05/21/2018","0","Judy Lozano","90.0","1747"
"05/22/2018","45","Melissa Ross","90.0","1748"
"05/22/2018","49","Teresa Forbes","90.0","1749"
"05/22/2018","67","Melissa Tapia","90.0","1750"
"05/22/2018","86","Carolyn Higgins","90.0","1751"
"05/22/2018","24","Mary Shah","90.0","1752"
"05/23/2018","37","Andrew Calderon","90.0","1753"
"05/23/2018","9","Roger Mahoney","90.0","1754"
"05/24/2018","21","Natalie Carson","90.0","1755"
"05/25/2018","73","Rose Beck","90.0","1756"
"05/25/2018","38","Linda Espinoza","90.0","1757"
"05/25/2018","54","Roy Gamble","90.0","1758"
"05/26/2018","50","Scott Spears","90.0","1759"
"05/26/2018","75","Andrew Bell","90.0","1760"
"05/26/2018","89","Stephanie Hernandez","90.0","1761"
"05/26/2018","7","Abigail Montgomery","90.0","1762"
"05/27/2018","94","Joan Buckley","90.0","1763"
"05/27/2018","86","Carolyn Higgins","90.0","1764"
"05/27/2018","17","Teresa Yang","90.0","1765"
"05/27/2018","95","Janet Burns","90.0","1766"
"05/27/2018","52","Janet Patterson","90.0","1767"
"05/27/2018","31","Megan Mclean","90.0","1768"
"05/28/2018","80","Julia Clay","90.0","1769"
"05/28/2018","69","Aaron Villarreal","90.0","1770"
"05/28/2018","49","Teresa Forbes","90.0","1771"
"05/28/2018","20","Hannah Foster","90.0","1772"
"05/30/2018","71","Keith Ramos","90.0","1773"
"05/30/2018","35","Emma Pruitt","90.0","1774"
"05/30/2018","84","Lauren Walters","90.0","1775"
"05/30/2018","47","Samantha Griffin","90.0","1776"
"05/30/2018","22","Terry Contreras","90.0","1777"
"05/31/2018","16","Amy Cantu","90.0","1778"
"05/31/2018","61","Terry Raymond","90.0","1779"
"05/31/2018","63","Scott Sullivan","90.0","1780"
"05/31/2018","37","Andrew Calderon","90.0","1781"
"05/31/2018","29","Douglas Travis","90.0","1782"
"06/01/2018","23","Laura Kerr","90.0","1783"
"06/01/2018","99","Virginia Dougherty","90.0","1784"
"06/02/2018","92","Henry Arellano","90.0","1785"
"06/02/2018","18","Ethan Shepherd","90.0","1786"
"06/02/2018","53","Tyler Farrell","90.0","1787"
"06/02/2018","83","Henry David","90.0","1788"
"06/02/2018","16","Amy Cantu","90.0","1789"
"06/02/2018","30","Theresa Keith","90.0","1790"
"06/03/2018","60","Tiffany Hutchinson","90.0","1791"
"06/03/2018","7","Abigail Montgomery","90.0","1792"
"06/03/2018","6","Linda Fleming","90.0","1793"
"06/03/2018","40","Randy Burns","90.0","1794"
"06/04/2018","18","Ethan Shepherd","90.0","1795"
"06/04/2018","62","Vincent Stewart","90.0","1796"
"06/04/2018","2","Douglas Buckley","90.0","1797"
"06/04/2018","3","Albert Cantu","90.0","1798"
"06/05/2018","92","Henry Arellano","90.0","1799"
"06/05/2018","77","Judith Warren","90.0","1800"
"06/05/2018","51","Deborah Barber","90.0","1801"
"06/05/2018","5","Douglas Garza","90.0","1802"
"06/05/2018","65","Gerald Sherman","90.0","1803"
"06/06/2018","2","Douglas Buckley","90.0","1804"
"06/06/2018","41","Sandra Patterson","90.0","1805"
"06/06/2018","59","Kenneth Thornton","90.0","1806"
"06/06/2018","96","Larry Anthony","90.0","1807"
"06/06/2018","26","Brittany Mcintyre","90.0","1808"
"06/07/2018","62","Vincent Stewart","90.0","1809"
"06/07/2018","89","Stephanie Hernandez","90.0","1810"
"06/07/2018","89","Stephanie Hernandez","90.0","1811"
"06/07/2018","11","Brian Duarte","90.0","1812"
"06/07/2018","11","Brian Duarte","90.0","1813"
"06/08/2018","3","Albert Cantu","90.0","1814"
"06/08/2018","5","Douglas Garza","90.0","1815"
"06/08/2018","12","Linda Cowan","90.0","1816"
"06/08/2018","32","Ruth Frederick","90.0","1817"
"06/08/2018","56","Randy Mcdowell","90.0","1818"
"06/08/2018","8","Jennifer Key","90.0","1819"
"06/08/2018","28","Nicholas Zimmerman","90.0","1820"
"06/09/2018","61","Terry Raymond","90.0","1821"
"06/09/2018","61","Terry Raymond","90.0","1822"
"06/09/2018","38","Linda Espinoza","90.0","1823"
"06/09/2018","25","Deborah Arnold","90.0","1824"
"06/09/2018","58","Teresa Guzman","90.0","1825"
"06/09/2018","82","Maria Griffith","90.0","1826"
"06/10/2018","64","Danielle Kidd","90.0","1827"
"06/10/2018","73","Rose Beck","90.0","1828"
"06/10/2018","97","Patrick Rowe","90.0","1829"
"06/10/2018","40","Randy Burns","90.0","1830"
"06/11/2018","26","Brittany Mcintyre","90.0","1831"
"06/11/2018","99","Virginia Dougherty","90.0","1832"
"06/11/2018","33","Marilyn Camacho","90.0","1833"
"06/12/2018","47","Samantha Griffin","90.0","1834"
"06/12/2018","75","Andrew Bell","90.0","1835"
"06/13/2018","82","Maria Griffith","90.0","1836"
"06/13/2018","2","Douglas Buckley","90.0","1837"
"06/13/2018","82","Maria Griffith","90.0","1838"
"06/13/2018","74","Larry Turner","90.0","1839"
"06/14/2018","8","Jennifer Key","90.0","1840"
"06/15/2018","11","Brian Duarte","90.0","1841"
"06/16/2018","94","Joan Buckley","90.0","1842"
"06/16/2018","60","Tiffany Hutchinson","90.0","1843"
"06/16/2018","93","Charles Lester","90.0","1844"
"06/16/2018","67","Melissa Tapia","90.0","1845"
"06/16/2018","7","Abigail Montgomery","90.0","1846"
"06/17/2018","53","Tyler Farrell","90.0","1847"
"06/17/2018","10","Angela Taylor","90.0","1848"
"06/18/2018","72","Cynthia Steele","90.0","1849"
"06/18/2018","44","Samuel Zhang","90.0","1850"
"06/18/2018","3","Albert Cantu","90.0","1851"
"06/19/2018","2","Douglas Buckley","90.0","1852"
"06/19/2018","36","Kayla Ward","90.0","1853"
"06/19/2018","0","Judy Lozano","90.0","1854"
"06/19/2018","17","Teresa Yang","90.0","1855"
"06/19/2018","69","Aaron Villarreal","90.0","1856"
"06/20/2018","78","Betty Durham","90.0","1857"
"06/20/2018","5","Douglas Garza","90.0","1858"
"06/20/2018","34","Shirley Farmer","90.0","1859"
"06/20/2018","40","Randy Burns","90.0","1860"
"06/20/2018","33","Marilyn Camacho","90.0","1861"
"06/20/2018","83","Henry David","90.0","1862"
"06/21/2018","37","Andrew Calderon","90.0","1863"
"06/21/2018","25","Deborah Arnold","90.0","1864"
"06/21/2018","12","Linda Cowan","90.0","1865"
"06/21/2018","25","Deborah Arnold","90.0","1866"
"06/21/2018","37","Andrew Calderon","90.0","1867"
"06/22/2018","64","Danielle Kidd","90.0","1868"
"06/22/2018","26","Brittany Mcintyre","90.0","1869"
"06/22/2018","49","Teresa Forbes","90.0","1870"
"06/23/2018","35","Emma Pruitt","90.0","1871"
"06/23/2018","16","Amy Cantu","90.0","1872"
"06/24/2018","58","Teresa Guzman","90.0","1873"
"06/24/2018","25","Deborah Arnold","90.0","1874"
"06/24/2018","64","Danielle Kidd","90.0","1875"
"06/24/2018","74","Larry Turner","90.0","1876"
"06/25/2018","45","Melissa Ross","90.0","1877"
"06/25/2018","25","Deborah Arnold","90.0","1878"
"06/25/2018","18","Ethan Shepherd","90.0","1879"
"06/25/2018","52","Janet Patterson","90.0","1880"
"06/25/2018","87","Ryan Morrison","90.0","1881"
"06/26/2018","35","Emma Pruitt","90.0","1882"
"06/26/2018","96","Larry Anthony","90.0","1883"
"06/26/2018","85","Alexis Rich","90.0","1884"
"06/26/2018","35","Emma Pruitt","90.0","1885"
"06/26/2018","57","Virginia Dalton","90.0","1886"
"06/26/2018","43","Harold Myers","90.0","1887"
"06/27/2018","12","Linda Cowan","90.0","1888"
"06/27/2018","77","Judith Warren","90.0","1889"
"06/27/2018","90","Janice Callahan","90.0","1890"
"06/28/2018","52","Janet Patterson","90.0","1891"
"06/28/2018","53","Tyler Farrell","90.0","1892"
"06/28/2018","60","Tiffany Hutchinson","90.0","1893"
"06/28/2018","16","Amy Cantu","90.0","1894"
"06/28/2018","76","Pamela Le","90.0","1895"
"06/28/2018","63","Scott Sullivan","90.0","1896"
"06/29/2018","53","Tyler Farrell","90.0","1897"
"06/29/2018","62","Vincent Stewart","90.0","1898"
"06/29/2018","76","Pamela Le","90.0","1899"
"06/30/2018","96","Larry Anthony","90.0","1900"
"07/01/2018","71","Keith Ramos","90.0","1901"
"07/01/2018","74","Larry Turner","90.0","1902"
"07/01/2018","12","Linda Cowan","90.0","1903"
"07/01/2018","44","Samuel Zhang","90.0","1904"
"07/02/2018","27","Brittany Mathews","90.0","1905"
"07/02/2018","52","Janet Patterson","90.0","1906"
"07/02/2018","39","Justin Cox","90.0","1907"
"07/02/2018","85","Alexis Rich","90.0","1908"
"07/02/2018","61","Terry Raymond","90.0","1909"
"07/02/2018","82","Maria Griffith","90.0","1910"
"07/03/2018","19","Charles Davidson","90.0","1911"
"07/03/2018","10","Angela Taylor","90.0","1912"
"07/03/2018","45","Melissa Ross","90.0","1913"
"07/03/2018","50","Scott Spears","90.0","1914"
"07/04/2018","77","Judith Warren","90.0","1915"
"07/04/2018","72","Cynthia Steele","90.0","1916"
"07/04/2018","25","Deborah Arnold","90.0","1917"
"07/04/2018","39","Justin Cox","90.0","1918"
"07/06/2018","18","Ethan Shepherd","90.0","1919"
"07/07/2018","39","Justin Cox","90.0","1920"
"07/07/2018","32","Ruth Frederick","90.0","1921"
"07/07/2018","99","Virginia Dougherty","90.0","1922"
"07/07/2018","28","Nicholas Zimmerman","90.0","1923"
"07/07/2018","64","Danielle Kidd","90.0","1924"
"07/08/2018","18","Ethan Shepherd","90.0","1925"
"07/08/2018","13","Maria Manning","90.0","1926"
"07/09/2018","46","Bruce Haas","90.0","1927"
"07/09/2018","99","Virginia Dougherty","90.0","1928"
"07/09/2018","9","Roger Mahoney","90.0","1929"
"07/09/2018","65","Gerald Sherman","90.0","1930"
"07/10/2018","5","Douglas Garza","90.0","1931"
"07/10/2018","23","Laura Kerr","90.0","1932"
"07/10/2018","19","Charles Davidson","90.0","1933"
"07/10/2018","88","Gregory Franklin","90.0","1934"
"07/11/2018","54","Roy Gamble","90.0","1935"
"07/11/2018","13","Maria Manning","90.0","1936"
"07/11/2018","63","Scott Sullivan","90.0","1937"
"07/12/2018","44","Samuel Zhang","90.0","1938"
"07/12/2018","40","Randy Burns","90.0","1939"
"07/13/2018","33","Marilyn Camacho","90.0","1940"
"07/13/2018","46","Bruce Haas","90.0","1941"
"07/13/2018","50","Scott Spears","90.0","1942"
"07/14/2018","2","Douglas Buckley","90.0","1943"
"07/14/2018","6","Linda Fleming","90.0","1944"
"07/14/2018","22","Terry Contreras","90.0","1945"
"07/15/2018","15","Lori Mclean","90.0","1946"
"07/15/2018","99","Virginia Dougherty","90.0","1947"
"07/16/2018","96","Larry Anthony","90.0","1948"
"07/16/2018","91","Rebecca Lambert","90.0","1949"
"07/17/2018","0","Judy Lozano","90.0","1950"
"07/17/2018","57","Virginia Dalton","90.0","1951"
"07/17/2018","40","Randy Burns","90.0","1952"
"07/18/2018","84","Lauren Walters","90.0","1953"
"07/18/2018","69","Aaron Villarreal","90.0","1954"
"07/18/2018","84","Lauren Walters","90.0","1955"
"07/18/2018","91","Rebecca Lambert","90.0","1956"
"07/18/2018","91","Rebecca Lambert","90.0","1957"
"07/18/2018","1","Noah Abbott","90.0","1958"
"07/18/2018","17","Teresa Yang","90.0","1959"
"07/18/2018","90","Janice Callahan","90.0","1960"
"07/19/2018","24","Mary Shah","90.0","1961"
"07/20/2018","20","Hannah Foster","90.0","1962"
"07/20/2018","2","Douglas Buckley","90.0","1963"
"07/20/2018","60","Tiffany Hutchinson","90.0","1964"
"07/20/2018","24","Mary Shah","90.0","1965"
"07/20/2018","7","Abigail Montgomery","90.0","1966"
"07/21/2018","35","Emma Pruitt","90.0","1967"
"07/21/2018","35","Emma Pruitt","90.0","1968"
"07/21/2018","82","Maria Griffith","90.0","1969"
"07/21/2018","89","Stephanie Hernandez","90.0","1970"
"07/22/2018","78","Betty Durham","90.0","1971"
"07/22/2018","43","Harold Myers","90.0","1972"
"07/22/2018","93","Charles Lester","90.0","1973"
"07/22/2018","88","Gregory Franklin","90.0","1974"
"07/23/2018","4","Dennis Davenport","90.0","1975"
"07/23/2018","41","Sandra Patterson","90.0","1976"
"07/23/2018","1","Noah Abbott","90.0","1977"
"07/23/2018","93","Charles Lester","90.0","1978"
"07/23/2018","97","Patrick Rowe","90.0","1979"
"07/23/2018","67","Melissa Tapia","90.0","1980"
"07/23/2018","81","Nancy Randall","90.0","1981"
"07/23/2018","33","Marilyn Camacho","90.0","1982"
"07/23/2018","14","Barbara Hopkins","90.0","1983"
"07/24/2018","91","Rebecca Lambert","90.0","1984"
"07/24/2018","67","Melissa Tapia","90.0","1985"
"07/24/2018","73","Rose Beck","90.0","1986"
"07/24/2018","79","Samantha Shepard","90.0","1987"
"07/24/2018","96","Larry Anthony","90.0","1988"
"07/25/2018","4","Dennis Davenport","90.0","1989"
"07/25/2018","35","Emma Pruitt","90.0","1990"
"07/26/2018","85","Alexis Rich","90.0","1991"
"07/26/2018","64","Danielle Kidd","90.0","1992"
"07/26/2018","90","Janice Callahan","90.0","1993"
"07/27/2018","36","Kayla Ward","90.0","1994"
"07/27/2018","25","Deborah Arnold","90.0","1995"
"07/27/2018","81","Nancy Randall","90.0","1996"
"07/27/2018","26","Brittany Mcintyre","90.0","1997"
"07/28/2018","49","Teresa Forbes","90.0","1998"
"07/29/2018","71","Keith Ramos","90.0","1999"
"07/29/2018","4","Dennis Davenport","90.0","2000"
"07/29/2018","97","Patrick Rowe","90.0","2001"
"07/30/2018","2","Douglas Buckley","90.0","2002"
"07/31/2018","37","Andrew Calderon","90.0","2003"
"07/31/2018","23","Laura Kerr","90.0","2004"
"07/31/2018","74","Larry Turner","90.0","2005"
"07/31/2018","23","Laura Kerr","90.0","2006"
"07/31/2018","56","Randy Mcdowell","90.0","2007"
"08/01/2018","91","Rebecca Lambert","90.0","2008"
"08/01/2018","93","Charles Lester","90.0","2009"
"08/01/2018","62","Vincent Stewart","90.0","2010"
"08/01/2018","30","Theresa Keith","90.0","2011"
"08/01/2018","91","Rebecca Lambert","90.0","2012"
"08/02/2018","61","Terry Raymond","90.0","2013"
"08/02/2018","21","Natalie Carson","90.0","2014"
"08/03/2018","20","Hannah Foster","90.0","2015"
"08/03/2018","80","Julia Clay","90.0","2016"
"08/03/2018","69","Aaron Villarreal","90.0","2017"
"08/03/2018","56","Randy Mcdowell","90.0","2018"
"08/03/2018","77","Judith Warren","90.0","2019"
"08/04/2018","13","Maria Manning","90.0","2020"
"08/04/2018","18","Ethan Shepherd","90.0","2021"
"08/04/2018","21","Natalie Carson","90.0","2022"
"08/05/2018","3","Albert Cantu","90.0","2023"
"08/05/2018","40","Randy Burns","90.0","2024"
"08/05/2018","64","Danielle Kidd","90.0","2025"
"08/06/2018","98","Helen Collins","90.0","2026"
"08/07/2018","76","Pamela Le","90.0","2027"
"08/07/2018","22","Terry Contreras","90.0","2028"
"08/07/2018","77","Judith Warren","90.0","2029"
"08/08/2018","2","Douglas Buckley","90.0","2030"
"08/08/2018","41","Sandra Patterson","90.0","2031"
"08/08/2018","25","Deborah Arnold","90.0","2032"
"08/08/2018","89","Stephanie Hernandez","90.0","2033"
"08/08/2018","74","Larry Turner","90.0","2034"
"08/09/2018","2","Douglas Buckley","90.0","2035"
"08/09/2018","65","Gerald Sherman","90.0","2036"
"08/09/2018","69","Aaron Villarreal","90.0","2037"
"08/09/2018","38","Linda Espinoza","90.0","2038"
"08/10/2018","99","Virginia Dougherty","90.0","2039"
"08/10/2018","99","Virginia Dougherty","90.0","2040"
"08/10/2018","81","Nancy Randall","90.0","2041"
"08/10/2018","79","Samantha Shepard","90.0","2042"
"08/10/2018","60","Tiffany Hutchinson","90.0","2043"
"08/10/2018","7","Abigail Montgomery","90.0","2044"
"08/11/2018","70","Rebecca Fisher","90.0","2045"
"08/11/2018","80","Julia Clay","90.0","2046"
"08/11/2018","93","Charles Lester","90.0","2047"
"08/12/2018","38","Linda Espinoza","90.0","2048"
"08/13/2018","10","Angela Taylor","90.0","2049"
"08/13/2018","49","Teresa Forbes","90.0","2050"
"08/13/2018","13","Maria Manning","90.0","2051"
"08/14/2018","16","Amy Cantu","90.0","2052"
"08/14/2018","43","Harold Myers","90.0","2053"
"08/14/2018","13","Maria Manning","90.0","2054"
"08/14/2018","55","Jonathan Logan","90.0","2055"
"08/15/2018","52","Janet Patterson","90.0","2056"
"08/15/2018","40","Randy Burns","90.0","2057"
"08/15/2018","39","Justin Cox","90.0","2058"
"08/16/2018","89","Stephanie Hernandez","90.0","2059"
"08/16/2018","76","Pamela Le","90.0","2060"
"08/16/2018","28","Nicholas Zimmerman","90.0","2061"
"08/16/2018","87","Ryan Morrison","90.0","2062"
"08/17/2018","56","Randy Mcdowell","90.0","2063"
"08/17/2018","88","Gregory Franklin","90.0","2064"
"08/17/2018","41","Sandra Patterson","90.0","2065"
"08/17/2018","12","Linda Cowan","90.0","2066"
"08/17/2018","40","Randy Burns","90.0","2067"
"08/17/2018","19","Charles Davidson","90.0","2068"
"08/17/2018","5","Douglas Garza","90.0","2069"
"08/17/2018","47","Samantha Griffin","90.0","2070"
"08/17/2018","73","Rose Beck","90.0","2071"
"08/18/2018","53","Tyler Farrell","90.0","2072"
"08/18/2018","56","Randy Mcdowell","90.0","2073"
"08/18/2018","46","Bruce Haas","90.0","2074"
"08/19/2018","47","Samantha Griffin","90.0","2075"
"08/19/2018","21","Natalie Carson","90.0","2076"
"08/20/2018","54","Roy Gamble","90.0","2077"
"08/21/2018","31","Megan Mclean","90.0","2078"
"08/21/2018","52","Janet Patterson","90.0","2079"
"08/21/2018","76","Pamela Le","90.0","2080"
"08/21/2018","77","Judith Warren","90.0","2081"
"08/21/2018","9","Roger Mahoney","90.0","2082"
"08/22/2018","2","Douglas Buckley","90.0","2083"
"08/22/2018","74","Larry Turner","90.0","2084"
"08/22/2018","89","Stephanie Hernandez","90.0","2085"
"08/22/2018","26","Brittany Mcintyre","90.0","2086"
"08/23/2018","75","Andrew Bell","90.0","2087"
"08/23/2018","55","Jonathan Logan","90.0","2088"
"08/23/2018","29","Douglas Travis","90.0","2089"
"08/23/2018","28","Nicholas Zimmerman","90.0","2090"
"08/23/2018","45","Melissa Ross","90.0","2091"
"08/24/2018","97","Patrick Rowe","90.0","2092"
"08/24/2018","87","Ryan Morrison","90.0","2093"
"08/24/2018","15","Lori Mclean","90.0","2094"
"08/24/2018","77","Judith Warren","90.0","2095"
"08/24/2018","43","Harold Myers","90.0","2096"
"08/25/2018","98","Helen Collins","90.0","2097"
"08/25/2018","96","Larry Anthony","90.0","2098"
"08/25/2018","24","Mary Shah","90.0","2099"
"08/25/2018","95","Janet Burns","90.0","2100"
"08/25/2018","88","Gregory Franklin","90.0","2101"
"08/25/2018","31","Megan Mclean","90.0","2102"
"08/26/2018","98","Helen Collins","90.0","2103"
"08/28/2018","30","Theresa Keith","90.0","2104"
"08/28/2018","48","Sandra Mccullough","90.0","2105"
"08/28/2018","1","Noah Abbott","90.0","2106"
"08/28/2018","12","Linda Cowan","90.0","2107"
"08/28/2018","61","Terry Raymond","90.0","2108"
"08/29/2018","66","Jason Anderson","90.0","2109"
"08/29/2018","86","Carolyn Higgins","90.0","2110"
"08/30/2018","76","Pamela Le","90.0","2111"
"08/31/2018","73","Rose Beck","90.0","2112"
"08/31/2018","14","Barbara Hopkins","90.0","2113"
"08/31/2018","70","Rebecca Fisher","90.0","2114"
"08/31/2018","68","Christine Whitehead","90.0","2115"
"09/01/2018","44","Samuel Zhang","90.0","2116"
"09/01/2018","64","Danielle Kidd","90.0","2117"
"09/01/2018","42","Barbara Andersen","90.0","2118"
"09/01/2018","35","Emma Pruitt","90.0","2119"
"09/02/2018","34","Shirley Farmer","90.0","2120"
"09/02/2018","16","Amy Cantu","90.0","2121"
"09/02/2018","29","Douglas Travis","90.0","2122"
"09/02/2018","0","Judy Lozano","90.0","2123"
"09/02/2018","84","Lauren Walters","90.0","2124"
"09/03/2018","91","Rebecca Lambert","90.0","2125"
"09/03/2018","3","Albert Cantu","90.0","2126"
"09/04/2018","23","Laura Kerr","90.0","2127"
"09/04/2018","15","Lori Mclean","90.0","2128"
"09/05/2018","43","Harold Myers","90.0","2129"
"09/05/2018","7","Abigail Montgomery","90.0","2130"
"09/05/2018","6","Linda Fleming","90.0","2131"
"09/05/2018","82","Maria Griffith","90.0","2132"
"09/06/2018","70","Rebecca Fisher","90.0","2133"
"09/06/2018","91","Rebecca Lambert","90.0","2134"
"09/07/2018","24","Mary Shah","90.0","2135"
"09/07/2018","46","Bruce Haas","90.0","2136"
"09/07/2018","83","Henry David","90.0","2137"
"09/09/2018","29","Douglas Travis","90.0","2138"
"09/09/2018","54","Roy Gamble","90.0","2139"
"09/10/2018","92","Henry Arellano","90.0","2140"
"09/10/2018","22","Terry Contreras","90.0","2141"
"09/10/2018","94","Joan Buckley","90.0","2142"
"09/10/2018","68","Christine Whitehead","90.0","2143"
"09/10/2018","68","Christine Whitehead","90.0","2144"
"09/10/2018","93","Charles Lester","90.0","2145"
"09/10/2018","83","Henry David","90.0","2146"
"09/10/2018","51","Deborah Barber","90.0","2147"
"09/11/2018","35","Emma Pruitt","90.0","2148"
"09/11/2018","55","Jonathan Logan","90.0","2149"
"09/11/2018","10","Angela Taylor","90.0","2150"
"09/11/2018","97","Patrick Rowe","90.0","2151"
"09/11/2018","97","Patrick Rowe","90.0","2152"
"09/12/2018","53","Tyler Farrell","90.0","2153"
"09/12/2018","8","Jennifer Key","90.0","2154"
"09/12/2018","40","Randy Burns","90.0","2155"
"09/12/2018","12","Linda Cowan","90.0","2156"
"09/12/2018","95","Janet Burns","90.0","2157"
"09/12/2018","77","Judith Warren","90.0","2158"
"09/12/2018","14","Barbara Hopkins","90.0","2159"
"09/13/2018","10","Angela Taylor","90.0","2160"
"09/13/2018","80","Julia Clay","90.0","2161"
"09/13/2018","29","Douglas Travis","90.0","2162"
"09/14/2018","55","Jonathan Logan","90.0","2163"
"09/14/2018","75","Andrew Bell","90.0","2164"
"09/14/2018","22","Terry Contreras","90.0","2165"
"09/15/2018","33","Marilyn Camacho","90.0","2166"
"09/15/2018","21","Natalie Carson","90.0","2167"
"09/15/2018","50","Scott Spears","90.0","2168"
"09/15/2018","4","Dennis Davenport","90.0","2169"
"09/16/2018","28","Nicholas Zimmerman","90.0","2170"
"09/16/2018","62","Vincent Stewart","90.0","2171"
"09/16/2018","79","Samantha Shepard","90.0","2172"
"09/16/2018","30","Theresa Keith","90.0","2173"
"09/17/2018","75","Andrew Bell","90.0","2174"
"09/17/2018","83","Henry David","90.0","2175"
"09/17/2018","74","Larry Turner","90.0","2176"
"09/17/2018","91","Rebecca Lambert","90.0","2177"
"09/18/2018","94","Joan Buckley","90.0","2178"
"09/18/2018","9","Roger Mahoney","90.0","2179"
"09/19/2018","62","Vincent Stewart","90.0","2180"
"09/19/2018","50","Scott Spears","90.0","2181"
"09/19/2018","54","Roy Gamble","90.0","2182"
"09/19/2018","17","Teresa Yang","90.0","2183"
"09/19/2018","35","Emma Pruitt","90.0","2184"
"09/20/2018","54","Roy Gamble","90.0","2185"
"09/20/2018","64","Danielle Kidd","90.0","2186"
"09/21/2018","62","Vincent Stewart","90.0","2187"
"09/21/2018","86","Carolyn Higgins","90.0","2188"
"09/21/2018","76","Pamela Le","90.0","2189"
"09/21/2018","54","Roy Gamble","90.0","2190"
"09/21/2018","46","Bruce Haas","90.0","2191"
"09/21/2018","59","Kenneth Thornton","90.0","2192"
"09/21/2018","0","Judy Lozano","90.0","2193"
"09/22/2018","57","Virginia Dalton","90.0","2194"
"09/22/2018","11","Brian Duarte","90.0","2195"
"09/22/2018","39","Justin Cox","90.0","2196"
"09/22/2018","14","Barbara Hopkins","90.0","2197"
"09/23/2018","79","Samantha Shepard","90.0","2198"
"09/23/2018","58","Teresa Guzman","90.0","2199"
"09/23/2018","74","Larry Turner","90.0","2200"
"09/23/2018","96","Larry Anthony","90.0","2201"
"09/23/2018","17","Teresa Yang","90.0","2202"
"09/23/2018","76","Pamela Le","90.0","2203"
"09/24/2018","45","Melissa Ross","90.0","2204"
"09/24/2018","92","Henry Arellano","90.0","2205"
"09/24/2018","67","Melissa Tapia","90.0","2206"
"09/24/2018","18","Ethan Shepherd","90.0","2207"
"09/24/2018","70","Rebecca Fisher","90.0","2208"
"09/26/2018","88","Gregory Franklin","90.0","2209"
"09/26/2018","86","Carolyn Higgins","90.0","2210"
"09/26/2018","95","Janet Burns","90.0","2211"
"09/26/2018","61","Terry Raymond","90.0","2212"
"09/27/2018","67","Melissa Tapia","90.0","2213"
"09/27/2018","66","Jason Anderson","90.0","2214"
"09/28/2018","52","Janet Patterson","90.0","2215"
"09/28/2018","68","Christine Whitehead","90.0","2216"
"09/29/2018","86","Carolyn Higgins","90.0","2217"
"09/29/2018","23","Laura Kerr","90.0","2218"
"09/29/2018","92","Henry Arellano","90.0","2219"
"09/30/2018","66","Jason Anderson","90.0","2220"
"09/30/2018","43","Harold Myers","90.0","2221"
